Datetime,Water Level (m)
2026-04-28 06:00:00,-0.58657724
2026-04-28 07:00:00,-0.6710969
2026-04-28 08:00:00,-0.5728684
2026-04-28 09:00:00,-0.31004605
2026-04-28 10:00:00,0.03708036
2026-04-28 11:00:00,0.37890175
2026-04-28 12:00:00,0.6220453
2026-04-28 13:00:00,0.6622466
2026-04-28 14:00:00,0.5378022
2026-04-28 15:00:00,0.24315247
2026-04-28 16:00:00,-0.12466955
2026-04-28 17:00:00,-0.47463387
2026-04-28 18:00:00,-0.7541143
2026-04-28 19:00:00,-0.85941666
2026-04-28 20:00:00,-0.7848957
2026-04-28 21:00:00,-0.5312567
2026-04-28 22:00:00,-0.13179985
2026-04-28 23:00:00,0.25150204
2026-04-29 00:00:00,0.58455086
2026-04-29 01:00:00,0.74924046
2026-04-29 02:00:00,0.73357904
2026-04-29 03:00:00,0.5183081
2026-04-29 04:00:00,0.17099409
2026-04-29 05:00:00,-0.22546113
2026-04-29 06:00:00,-0.5427907
2026-04-29 07:00:00,-0.7189459
2026-04-29 08:00:00,-0.7216808
2026-04-29 09:00:00,-0.53805983
2026-04-29 10:00:00,-0.20391971
2026-04-29 11:00:00,0.16926572
2026-04-29 12:00:00,0.4700887
2026-04-29 13:00:00,0.6552286
2026-04-29 14:00:00,0.6539901
2026-04-29 15:00:00,0.4692541
2026-04-29 16:00:00,0.09951216
2026-04-29 17:00:00,-0.3067959
2026-04-29 18:00:00,-0.6957621
2026-04-29 19:00:00,-0.8959497
2026-04-29 20:00:00,-0.9205044
2026-04-29 21:00:00,-0.7192819
2026-04-29 22:00:00,-0.35081884
2026-04-29 23:00:00,0.09363713
2026-04-30 00:00:00,0.5113531
2026-04-30 01:00:00,0.777559
2026-04-30 02:00:00,0.8410863
2026-04-30 03:00:00,0.7258591
2026-04-30 04:00:00,0.4321284
2026-04-30 05:00:00,0.016776573
2026-04-30 06:00:00,-0.40021586
2026-04-30 07:00:00,-0.6922637
2026-04-30 08:00:00,-0.81599635
2026-04-30 09:00:00,-0.72211653
2026-04-30 10:00:00,-0.45501116
2026-04-30 11:00:00,-0.06001673
2026-04-30 12:00:00,0.32018626
2026-04-30 13:00:00,0.56880724
2026-04-30 14:00:00,0.6851598
2026-04-30 15:00:00,0.597754
2026-04-30 16:00:00,0.28166017
2026-04-30 17:00:00,-0.12080062
2026-04-30 18:00:00,-0.5385222
2026-04-30 19:00:00,-0.8601967
2026-04-30 20:00:00,-0.99991137
2026-04-30 21:00:00,-0.8867674
2026-04-30 22:00:00,-0.5744506
2026-04-30 23:00:00,-0.15004507
2026-05-01 00:00:00,0.29553846
2026-05-01 01:00:00,0.66712356
2026-05-01 02:00:00,0.84825534
2026-05-01 03:00:00,0.83491397
2026-05-01 04:00:00,0.63289714
2026-05-01 05:00:00,0.26754853
2026-05-01 06:00:00,-0.1760524
2026-05-01 07:00:00,-0.5627815
2026-05-01 08:00:00,-0.79964244
2026-05-01 09:00:00,-0.82289
2026-05-01 10:00:00,-0.639853
2026-05-01 11:00:00,-0.28978708
2026-05-01 12:00:00,0.1307684
2026-05-01 13:00:00,0.46027938
2026-05-01 14:00:00,0.65958405
2026-05-01 15:00:00,0.6442162
2026-05-01 16:00:00,0.43820336
2026-05-01 17:00:00,0.079064846
2026-05-01 18:00:00,-0.3252905
2026-05-01 19:00:00,-0.7179317
2026-05-01 20:00:00,-0.931159
2026-05-01 21:00:00,-0.9471146
2026-05-01 22:00:00,-0.73713297
2026-05-01 23:00:00,-0.36724305
2026-05-02 00:00:00,0.100812055
2026-05-02 01:00:00,0.5510015
2026-05-02 02:00:00,0.83298486
2026-05-02 03:00:00,0.9366471
2026-05-02 04:00:00,0.80917686
2026-05-02 05:00:00,0.49264196
2026-05-02 06:00:00,0.06284777
2026-05-02 07:00:00,-0.36031786
2026-05-02 08:00:00,-0.68457973
2026-05-02 09:00:00,-0.8160286
2026-05-02 10:00:00,-0.7379197
2026-05-02 11:00:00,-0.4714089
2026-05-02 12:00:00,-0.093483046
2026-05-02 13:00:00,0.2738232
2026-05-02 14:00:00,0.5540535
2026-05-02 15:00:00,0.63230884
2026-05-02 16:00:00,0.5186059
2026-05-02 17:00:00,0.25484926
2026-05-02 18:00:00,-0.14857243
2026-05-02 19:00:00,-0.5569385
2026-05-02 20:00:00,-0.8567187
2026-05-02 21:00:00,-0.9668706
2026-05-02 22:00:00,-0.8620207
2026-05-02 23:00:00,-0.5712129
2026-05-03 00:00:00,-0.1378052
2026-05-03 01:00:00,0.32358542
2026-05-03 02:00:00,0.668334
2026-05-03 03:00:00,0.8740688
2026-05-03 04:00:00,0.8855401
2026-05-03 05:00:00,0.66314465
2026-05-03 06:00:00,0.28748176
2026-05-03 07:00:00,-0.123463534
2026-05-03 08:00:00,-0.5060124
2026-05-03 09:00:00,-0.7529293
2026-05-03 10:00:00,-0.78637093
2026-05-03 11:00:00,-0.62203306
2026-05-03 12:00:00,-0.30691442
2026-05-03 13:00:00,0.0525075
2026-05-03 14:00:00,0.37631315
2026-05-03 15:00:00,0.5576996
2026-05-03 16:00:00,0.54363424
2026-05-03 17:00:00,0.34370083
2026-05-03 18:00:00,0.012107842
2026-05-03 19:00:00,-0.36556035
2026-05-03 20:00:00,-0.70664424
2026-05-03 21:00:00,-0.9023021
2026-05-03 22:00:00,-0.9038011
2026-05-03 23:00:00,-0.7118376
2026-05-04 00:00:00,-0.36351472
2026-05-04 01:00:00,0.06761487
2026-05-04 02:00:00,0.48744267
2026-05-04 03:00:00,0.7704863
2026-05-04 04:00:00,0.88464004
2026-05-04 05:00:00,0.7678549
2026-05-04 06:00:00,0.48443824
